{
  "GET cars" : {
    "transaction" : "GET cars",
    "sampleCount" : 94,
    "errorCount" : 50,
    "errorPct" : 53.19149,
    "meanResTime" : 941.7127659574468,
    "medianResTime" : 466.5,
    "minResTime" : 46.0,
    "maxResTime" : 9357.0,
    "pct1ResTime" : 2582.5,
    "pct2ResTime" : 3574.75,
    "pct3ResTime" : 9357.0,
    "throughput" : 0.5037054502001426,
    "receivedKBytesPerSec" : 1.5833000376439446,
    "sentKBytesPerSec" : 0.126805502714115
  },
  "POST Sign In JSON" : {
    "transaction" : "POST Sign In JSON",
    "sampleCount" : 491,
    "errorCount" : 290,
    "errorPct" : 59.063137,
    "meanResTime" : 4536.598778004073,
    "medianResTime" : 3115.0,
    "minResTime" : 194.0,
    "maxResTime" : 33359.0,
    "pct1ResTime" : 10846.2,
    "pct2ResTime" : 16747.0,
    "pct3ResTime" : 19171.79999999997,
    "throughput" : 1.3245997874165718,
    "receivedKBytesPerSec" : 0.744025664626711,
    "sentKBytesPerSec" : 0.5583044363976282
  },
  "Total" : {
    "transaction" : "Total",
    "sampleCount" : 1584,
    "errorCount" : 1304,
    "errorPct" : 82.323235,
    "meanResTime" : 1976.6231060606067,
    "medianResTime" : 790.5,
    "minResTime" : 46.0,
    "maxResTime" : 33359.0,
    "pct1ResTime" : 4807.5,
    "pct2ResTime" : 7424.25,
    "pct3ResTime" : 18217.550000000017,
    "throughput" : 4.273250638020061,
    "receivedKBytesPerSec" : 2.4805843531987333,
    "sentKBytesPerSec" : 1.621656274954273
  },
  "Remove Car" : {
    "transaction" : "Remove Car",
    "sampleCount" : 482,
    "errorCount" : 482,
    "errorPct" : 100.0,
    "meanResTime" : 746.4170124481325,
    "medianResTime" : 567.0,
    "minResTime" : 49.0,
    "maxResTime" : 6433.0,
    "pct1ResTime" : 1500.7,
    "pct2ResTime" : 2201.099999999996,
    "pct3ResTime" : 3614.3000000000047,
    "throughput" : 1.4363406094017732,
    "receivedKBytesPerSec" : 0.4891499199135812,
    "sentKBytesPerSec" : 0.4908436079862922
  },
  "Log Out" : {
    "transaction" : "Log Out",
    "sampleCount" : 35,
    "errorCount" : 0,
    "errorPct" : 0.0,
    "meanResTime" : 489.0285714285714,
    "medianResTime" : 581.0,
    "minResTime" : 76.0,
    "maxResTime" : 756.0,
    "pct1ResTime" : 727.0,
    "pct2ResTime" : 743.1999999999999,
    "pct3ResTime" : 756.0,
    "throughput" : 0.3262733984637184,
    "receivedKBytesPerSec" : 0.15835730374655083,
    "sentKBytesPerSec" : 0.11078183554422402
  },
  "Add car" : {
    "transaction" : "Add car",
    "sampleCount" : 482,
    "errorCount" : 482,
    "errorPct" : 100.0,
    "meanResTime" : 908.9024896265564,
    "medianResTime" : 597.0,
    "minResTime" : 52.0,
    "maxResTime" : 13481.0,
    "pct1ResTime" : 1960.6,
    "pct2ResTime" : 2639.4999999999977,
    "pct3ResTime" : 5040.200000000011,
    "throughput" : 1.4331716802897267,
    "receivedKBytesPerSec" : 0.49685151025669233,
    "sentKBytesPerSec" : 0.5765347499531692
  }
}